{
  "medusa": {
    "errorRate": 93.7738898925549,
    "successRate": 6.226110107445089,
    "totalRequests": 52585
  },
  "rps": 1000,
  "saleor": {
    "errorRate": 98.04238674614965,
    "successRate": 1.9576132538503488,
    "totalRequests": 53177
  },
  "testDuration": 60
}