{
  "comparison": {
    "betterPlatform": "Saleor",
    "errorRateDifference": 0.005663195706603119
  },
  "medusa": {
    "errorRate": 99.62917897908338,
    "successRate": 0.3708210209166232,
    "totalRequests": 17259
  },
  "saleor": {
    "errorRate": 99.62351578337677,
    "successRate": 0.3764842166232262,
    "totalRequests": 17265
  },
  "targetRPS": 1000,
  "testDuration": 60,
  "totalRequestsPerPlatform": 60000
}